"SOMAID","Gene","UniProt","Weight","seqid_sl","seqid_dot"
"(Intercept)","","",50.8311349521961,"",""
"SCARF2.8956.96.3","SCARF2","Q96GP6",2.2596814061322,"SL005222","8956.96"
"ARFIP2.12630.8.3","ARFIP2","P53365",1.73407453383767,"SL019787","12630.8"
"SOST.13101.60.3","SOST","Q9BQB4",1.68510062293249,"SL007631","13101.60"
"PTN.3045.72.2","PTN","P21246",1.64066974667826,"SL002704","3045.72"
"WFDC2.11388.75.3","WFDC2","Q14508",1.35436044734187,"SL001690","11388.75"
"AGRP.2813.11.2","AGRP","O00253",-1.28470814791455,"SL006924","2813.11"
"GDF15.4374.45.2","GDF15","Q99988",1.27580744548017,"SL003869","4374.45"
"MXRA8.10521.10.3","MXRA8","Q9BRK3",1.07910007588058,"SL017989","10521.10"
"IGDCC4.9793.145.3","IGDCC4","Q8TDY8",-1.07652960741961,"SL019123","9793.145"
"CGA.FSHB.3032.11.2","CGA","P01215",1.00612140387491,"SL013948","3032.11"
"CD93.14136.234.3","CD93","Q9NPY3",-0.90813648849995,"SL007696","14136.234"
"MSMP.8080.24.3","MSMP","Q1L6U9",-0.902728105820376,"SL011622","8080.24"
"NTRK3.2658.27.1","NTRK3","Q16288",0.817684040265328,"SL004639","2658.27"
"CHAD.13460.4.3","CHAD","O15335",-0.781696659285266,"SL012363","13460.4"
"ADAMTS5.3168.8.2","ADAMTS5","Q9UNA0",0.742040437318964,"SL004626","3168.8"
"COL15A1.8974.172.3","COL15A1","P39059",-0.717761962939674,"SL007218","8974.172"
"MLN.5631.83.3","MLN","P12872",0.667657514975643,"SL008634","5631.83"
"CDON.4541.49.2","CDON","Q4KMG0",-0.657691705561952,"SL014092","4541.49"
"KLK3.8468.19.3","KLK3","P07288",0.651167029750769,"SL000062","8468.19"
"SCG3.7957.2.3","SCG3","Q8WXD2",-0.648221329633867,"SL012750","7957.2"
"PTPRD.9296.15.3","PTPRD","P23468",-0.647544113956755,"SL008499","9296.15"
"KLK7.3378.49.2","KLK7","P49862",-0.566508157694816,"SL000064","3378.49"
"C1QTNF3.7251.64.3","C1QTNF3","Q9BXJ4",0.545624665319129,"SL012818","7251.64"
"DLK1.6496.60.3","DLK1","P80370",0.533579326413657,"SL000679","6496.60"
"CTSF.9212.22.3","CTSF","Q9UBX1",0.528287199509038,"SL008381","9212.22"
"SVEP1.11109.56.3","SVEP1","Q4LDE5",0.513893142804175,"SL012540","11109.56"
"DSG2.9484.75.3","DSG2","Q14126",-0.492712940834338,"SL004857","9484.75"
"RET.3220.40.2","RET","P07949",-0.489805199466427,"SL010378","3220.40"
"CCDC80.3234.23.2","CCDC80","Q76M96",0.488798348058534,"SL010390","3234.23"
"RSPO4.8464.31.3","RSPO4","Q2I0M5",0.457383997354097,"SL012517","8464.31"
"PTGDS.10514.5.3","PTGDS","P41222",0.455178591844595,"SL005360","10514.5"
"ART3.7970.315.3","ART3","Q13508",-0.453394335338333,"SL018330","7970.315"
"DPT.4979.34.2","DPT","Q07507",0.440000265252961,"SL008178","4979.34"
"DCTPP1.4314.12.2","DCTPP1","Q9H773",0.435450756845409,"SL011809","4314.12"
"ISLR2.13124.20.3","ISLR2","Q6UXK2",-0.432731618667395,"SL018587","13124.20"
"MENT.5744.12.3","MENT","Q9BUN1",-0.422502571363138,"SL017113","5744.12"
"ASPN.6451.64.3","ASPN","Q9BXN1",0.402744933384642,"SL008299","6451.64"
"MMP12.4496.60.2","MMP12","P39900",0.400158600035611,"SL000522","4496.60"
"CTSV.3364.76.2","CTSV","O60911",-0.398146557062121,"SL006910","3364.76"
"LPO.4801.13.3","LPO","P22079",-0.394819068173757,"SL007153","4801.13"
"IGLON5.6478.2.3","IGLON5","A6NGN9",0.39276276303199,"SL017460","6478.2"
"PLXNB2.9216.100.3","PLXNB2","O15031",0.387166491232991,"SL009948","9216.100"
"ATP1B2.7218.87.3","ATP1B2","P14415",-0.384589816049893,"SL018093","7218.87"
"ITGAV.ITGB5.4917.62.1","ITGAV_ITGB5","",0.334629088493187,"ITGAV.ITGB5.4917.62.1","4917.62"
"EGFR.2677.1.1","EGFR","P00533",-0.328322826749492,"SL002644","2677.1"
"THBS2.3339.33.1","THBS2","P35442",-0.321071840002714,"SL007206","3339.33"
"TREM1.9266.1.3","TREM1","Q9NP99",0.315464914736366,"SL004968","9266.1"
"PPY.4588.1.2","PPY","P01298",0.314611529415177,"SL011499","4588.1"
"CHRDL1.3362.61.2","CHRDL1","Q9BU40",0.311639952301266,"SL009400","3362.61"
"CHIT1.3600.2.3","CHIT1","Q13231",0.30534558171102,"SL006029","3600.2"
"NFASC.7179.69.3","NFASC","O94856",0.303729976589621,"SL008999","7179.69"
"KIT.2475.1.3","KIT","P10721",-0.302923005183111,"SL004010","2475.1"
"SGCB.7034.4.3","SGCB","",0.299601022461336,"SGCB.7034.4.3","7034.4"
"SHISA3.7057.18.3","SHISA3","",0.294003166587572,"SHISA3.7057.18.3","7057.18"
"TNFRSF11B.8304.50.3","TNFRSF11B","O00300",0.285411001033497,"SL002539","8304.50"
"NCAM1.4498.62.2","NCAM1","P13591",0.285258590753744,"SL003764","4498.62"
"LAG3.9950.229.3","LAG3","P18627",0.277440134292171,"SL005195","9950.229"
"POFUT2.6042.52.3","POFUT2","",-0.276373003483658,"POFUT2.6042.52.3","6042.52"
"PRSS22.4534.10.2","PRSS22","Q9GZN4",-0.26982419373357,"SL012822","4534.10"
"TMEM132B.8890.9.3","TMEM132B","Q14DG7",-0.267652070065962,"SL018697","8890.9"
"LRRTM2.6904.14.3","LRRTM2","O43300",-0.267548728935513,"SL018013","6904.14"
"ENPP5.6556.5.3","ENPP5","Q9UJA9",-0.2570793277195,"SL012863","6556.5"
"SELL.4831.4.2","SELL","P14151",-0.251325880346047,"SL002823","4831.4"
"NAGPA.11208.15.3","NAGPA","Q9UK23",-0.249317080070342,"SL019369","11208.15"
"FAM3B.9177.6.3","FAM3B","P58499",-0.24830886694599,"SL007306","9177.6"
"TNXB.5698.60.3","TNXB","P22105",-0.247524276833005,"SL005005","5698.60"
"IL22RA2.5087.5.3","IL22RA2","Q969J5",-0.242919877401612,"SL005183","5087.5"
"NID1.3213.65.2","NID1","P14543",-0.235523282848848,"SL000640","3213.65"
"SFTPC.5738.25.3","SFTPC","",-0.233083754235711,"SFTPC.5738.25.3","5738.25"
"NPW.9986.14.3","NPW","Q8N729",0.232534482370332,"SL005356","9986.14"
"LECT1.9928.125.3","LECT1","",-0.229726026181341,"LECT1.9928.125.3","9928.125"
"NTN4.3327.27.1","NTN4","Q9HB63",-0.228293031539936,"SL007673","3327.27"
"BCAN.3461.58.1","BCAN","Q96GW7",-0.226149758237763,"SL009089","3461.58"
"FAS.9459.7.3","FAS","P25445",0.225187121835068,"SL002731","9459.7"
"INSL5.10462.14.3","INSL5","Q9Y5Q6",-0.222616239234094,"SL012880","10462.14"
"F10.4878.3.1","F10","P00742",-0.205031085561845,"SL000360","4878.3"
"DCBLD2.9338.2.3","DCBLD2","",0.203524048624588,"DCBLD2.9338.2.3","9338.2"
"LRRTM4.6572.10.3","LRRTM4","Q86VH4",-0.20184488688537,"SL017483","6572.10"
"SIGLEC7.2742.68.2","SIGLEC7","Q9Y286",0.200446316663307,"SL005218","2742.68"
"SFN.4829.43.6","SFN","P31947",-0.200367420362892,"SL001737","4829.43"
"LEP.8484.24.3","LEP","P41159",-0.194773268612398,"SL000498","8484.24"
"ATF6.11277.23.3","ATF6","P18850",-0.194074360914074,"SL014732","11277.23"
"CST6.14711.27.3","CST6","Q15828",-0.191912707546301,"SL004438","14711.27"
"IL1RN.5353.89.2","IL1RN","P18510",-0.191018640088317,"SL001990","5353.89"
"F8.13499.30.3","F8","P00451",0.187157507671687,"SL000359","13499.30"
"IFI16.13940.19.3","IFI16","Q16666",-0.186377208836219,"SL006071","13940.19"
"KDR.3651.50.5","KDR","P35968",-0.185805879548555,"SL003201","3651.50"
"MCFD2.10476.23.3","MCFD2","",0.179141167020074,"MCFD2.10476.23.3","10476.23"
"CHRDL2.6086.15.3","CHRDL2","Q6WN34",-0.178780509449484,"SL012616","6086.15"
"NSDHL.8038.41.3","NSDHL","Q15738",-0.170258547392079,"SL014973","8038.41"
"MATN2.3325.2.2","MATN2","O00339",-0.166484143823858,"SL010465","3325.2"
"BGN.3284.75.1","BGN","P21810",0.165112731299435,"SL007804","3284.75"
"ACBD7.13563.259.3","ACBD7","Q8N6N7",-0.165065280815338,"SL020184","13563.259"
"ANGPT2.2602.2.2","ANGPT2","O15123",-0.164122768444654,"SL001996","2602.2"
"APOB.2797.56.2","APOB","P04114",0.161178076326689,"SL000020","2797.56"
"PIANP.14114.18.3","PIANP","Q8IYJ0",-0.157414991195396,"SL019019","14114.18"
"NELL2.6022.57.3","NELL2","Q99435",-0.154293820647069,"SL005091","6022.57"
"GMFG.13062.4.3","GMFG","O60234",0.153832047363481,"SL016378","13062.4"
"COCH.7227.75.3","COCH","O43405",0.153797514477289,"SL008509","7227.75"
"EREG.4956.2.1","EREG","O14944",0.151822122071633,"SL000139","4956.2"
"FAM19A4.6511.17.3","FAM19A4","",-0.146329988786292,"FAM19A4.6511.17.3","6511.17"
"GP5.7185.29.3","GP5","P40197",0.146042302512153,"SL006482","7185.29"
"NCR3.3003.29.2","NCR3","O14931",-0.145460792165587,"SL005205","3003.29"
"ISG15.14151.4.3","ISG15","P05161",-0.141569030996487,"SL015510","14151.4"
"LMAN2.7638.30.3","LMAN2","Q12907",-0.140280919140479,"SL005403","7638.30"
"SELP.4154.57.2","SELP","P16109",0.139058907164961,"SL000560","4154.57"
"CNTN2.3296.92.2","CNTN2","Q02246",0.137531075219506,"SL008623","3296.92"
"TBCA.12501.10.3","TBCA","O75347",0.135832940977171,"SL008849","12501.10"
"FTH1.FTL.5934.1.3","FTH1","P02794",-0.133099058541786,"SL007933","5934.1"
"SEC13.14689.3.3","SEC13","P55735",0.132262933473907,"SL011207","14689.3"
"CLIC5.12475.48.3","CLIC5","Q9NZA1",-0.132246882147475,"SL019722","12475.48"
"ROBO2.5116.62.2","ROBO2","Q9HCK4",-0.132129922860696,"SL007680","5116.62"
"CD48.3292.75.1","CD48","P09326",-0.131549732188729,"SL010450","3292.75"
"IGSF11.10700.10.3","IGSF11","Q5DX21",-0.130507655067687,"SL017271","10700.10"
"GGH.9370.69.3","GGH","Q92820",-0.129275925566914,"SL006682","9370.69"
"LAMA1.LAMB1.LAMC1.2728.62.2","LAMA1_LAMB1_LAMC1","",0.125721189236717,"LAMA1.LAMB1.LAMC1.2728.62.2","2728.62"
"CD300C.5066.134.3","CD300C","Q08708",-0.118746068217637,"SL014270","5066.134"
"EPHA10.6036.78.3","EPHA10","Q5JZY3",-0.11835406177317,"SL014294","6036.78"
"CSNK2A1.5224.20.3","CSNK2A1","P68400",-0.118056357551839,"SL007324","5224.20"
"PRL.2585.2.5","PRL","P01236",-0.117584480685383,"SL000546","2585.2"
"PLXNC1.4564.2.2","PLXNC1","O60486",0.11729299527436,"SL006406","4564.2"
"PRNP.6545.58.3","PRNP","P04156",0.116716747767282,"SL007074","6545.58"
"SIT1.11194.6.3","SIT1","Q9Y3P8",-0.115722053369289,"SL007783","11194.6"
"C10orf54.14123.34.3","C10orf54","",-0.115216159145082,"C10orf54.14123.34.3","14123.34"
"CXADR.11204.80.3","CXADR","P78310",-0.115049275096739,"SL009892","11204.80"
"GOLM1.8983.7.3","GOLM1","Q8NBJ4",-0.113946865104071,"SL010628","8983.7"
"FN1.3435.53.2","FN1","P02751",0.113240606751873,"SL000426","3435.53"
"CHI3L1.11104.13.3","CHI3L1","P36222",0.111643799201699,"SL003340","11104.13"
"TNFRSF4.3730.81.2","TNFRSF4","P43489",-0.111223924633367,"SL011448","3730.81"
"AMH.4923.79.1","AMH","P03971",0.111114770179588,"SL005201","4923.79"
"CD3E.8069.85.3","CD3E","P07766",0.110921129014807,"SL007084","8069.85"
"SEMA3E.5363.51.3","SEMA3E","O15041",0.11032029622466,"SL010470","5363.51"
"PTH.5954.62.3","PTH","P01270",0.110204828067083,"SL003970","5954.62"
"AGER.4125.52.2","AGER","Q15109",-0.109138886415995,"SL003680","4125.52"
"PIGR.3216.2.2","PIGR","P01833",-0.108714415333409,"SL005797","3216.2"
"FAM151A.7856.51.3","FAM151A","Q8WW52",-0.108340321758346,"SL018294","7856.51"
"ASGR2.9474.22.3","ASGR2","P07307",-0.106468360039286,"SL008489","9474.22"
"ERBB3.2617.56.35","ERBB3","P21860",-0.105203010692627,"SL002519","2617.56"
"SERPINF1.9211.19.3","SERPINF1","P36955",-0.103473223237896,"SL003066","9211.19"
"RNASEH1.8470.213.3","RNASEH1","O60930",-0.102741307735137,"SL017528","8470.213"
"SPTAN1.5031.10.1","SPTAN1","Q13813",-0.102629664085592,"SL008190","5031.10"
"FAM174A.6597.24.3","FAM174A","Q8TBP5",0.102122507639053,"SL008903","6597.24"
"KCNE5.8908.14.3","KCNE5","Q9UJ90",0.101179813743665,"SL008542","8908.14"
"KIR2DS2.10428.1.3","KIR2DS2","P43631",0.100852275400298,"SL018045","10428.1"
"GJD2.11678.105.3","GJD2","Q9UKL4",-0.0995741000285604,"SL019586","11678.105"
"PLA2G2A.2692.74.2","PLA2G2A","P14555",-0.0976672143253474,"SL002528","2692.74"
"PIANP.9599.6.3","PIANP","Q8IYJ0",-0.0976633131612613,"SL019019","9599.6"
"CALR.5264.65.3","CALR","P27797",-0.095809522937081,"SL003520","5264.65"
"IL19.3035.80.2","IL19","Q9UHD0",-0.0942076059843802,"SL004354","3035.80"
"SECTM1.13093.6.3","SECTM1","Q8WVN6",-0.0940471372123787,"SL005430","13093.6"
"MAGI2.14066.49.3","MAGI2","Q86UL8",0.0930111180454279,"SL020306","14066.49"
"CYP3A4.2943.5.2","CYP3A4","P08684",0.0929957533291403,"SL000398","2943.5"
"CGA.CGB.4914.10.1","CGA","P01215",0.0925433163767573,"SL013948","4914.10"
"KCNE2.10427.2.3","KCNE2","",-0.0924681374299989,"KCNE2.10427.2.3","10427.2"
"IGLL1.6485.59.3","IGLL1","P15814",-0.0923238793256659,"SL008517","6485.59"
"ASIP.5676.54.3","ASIP","P42127",0.0915154158711713,"SL012436","5676.54"
"CHGA.8476.11.3","CHGA","P10645",0.0906344686330533,"SL002762","8476.11"
"MUSK.11547.84.3","MUSK","O15146",0.0891481318760297,"SL019518","11547.84"
"ERO1LB.7994.41.3","ERO1LB","",-0.0887016577185982,"ERO1LB.7994.41.3","7994.41"
"ICAM4.6550.4.3","ICAM4","Q14773",0.0874803636864746,"SL010843","6550.4"
"CTXN3.10467.58.3","CTXN3","",-0.0872547636137059,"CTXN3.10467.58.3","10467.58"
"CCL21.2516.57.3","CCL21","O00585",-0.0871778529141678,"SL003193","2516.57"
"ULBP3.2747.3.2","ULBP3","Q9BZM4",-0.0867378499090576,"SL005229","2747.3"
"EPHA1.3431.54.2","EPHA1","P21709",0.0863501956077347,"SL004137","3431.54"
"ENTPD6.8932.1.3","ENTPD6","O75354",-0.085870682246239,"SL014128","8932.1"
"TMEM132C.7173.141.3","TMEM132C","Q8N3T6",-0.0857062937321638,"SL018134","7173.141"
"CST7.3302.58.1","CST7","O76096",-0.0853143789997138,"SL007049","3302.58"
"IL15RA.14054.17.3","IL15RA","Q13261",0.0850792467216866,"SL004151","14054.17"
"EPHB2.8225.86.3","EPHB2","P29323",-0.0850515358090659,"SL007179","8225.86"
"PRCP.5722.78.3","PRCP","P42785",0.082659652032277,"SL009198","5722.78"
"H6PD.7161.25.3","H6PD","O95479",-0.0823921631941097,"SL018068","7161.25"
"PCDHAC2.9361.7.3","PCDHAC2","Q9Y5I4",-0.0814888171556255,"SL017393","9361.7"
"MGAT1.10571.14.3","MGAT1","P26572",-0.0809760724272425,"SL018096","10571.14"
"GAS1.5463.22.3","GAS1","P54826",-0.0807414341607421,"SL000658","5463.22"
"NPS.6390.18.3","NPS","P0C0P6",0.0804641615435908,"SL012413","6390.18"
"KIRREL2.9917.16.3","KIRREL2","Q6UWL6",-0.0803048928182604,"SL012592","9917.16"
"MPZ.10615.18.3","MPZ","P25189",-0.0801189928209938,"SL008066","10615.18"
"TNFRSF17.2665.26.2","TNFRSF17","Q02223",-0.0799139896226162,"SL004672","2665.26"
"PPT1.9244.27.3","PPT1","P50897",-0.0785124328364803,"SL012440","9244.27"
"UBE2J2.8802.24.3","UBE2J2","",-0.0782095056976076,"UBE2J2.8802.24.3","8802.24"
"PF4V1.5663.18.3","PF4V1","P10720",-0.0780923778879262,"SL007105","5663.18"
"ROBO1.5740.17.3","ROBO1","Q9Y6N7",-0.0762034879040539,"SL013095","5740.17"
"PSG5.9314.9.3","PSG5","Q15238",0.0755932298634523,"SL012504","9314.9"
"VAMP8.7064.2.4","VAMP8","Q9BV40",0.0737796754036309,"SL008698","7064.2"
"PENK.9076.25.3","PENK","P01210",0.0737058363324606,"SL008353","9076.25"
"ALDOC.9876.20.3","ALDOC","P09972",-0.0725543827180627,"SL004727","9876.20"
"NRXN3.5111.15.3","NRXN3","Q9HDB5",0.071740863339097,"SL008728","5111.15"
"B4GALT6.10832.24.3","B4GALT6","Q9UBX8",0.0710949379487323,"SL018597","10832.24"
"RETN.3046.31.1","RETN","Q9HD89",-0.0697019047051119,"SL004260","3046.31"
"SFRP1.3221.54.1","SFRP1","Q8N474",0.069680246771395,"SL003770","3221.54"
"LEPR.9566.103.3","LEPR","P48357",-0.0689049535312505,"SL003184","9566.103"
"SERPINF2.3024.18.2","SERPINF2","P08697",-0.0685991902703705,"SL000250","3024.18"
"KIAA1467.7892.132.3","KIAA1467","",-0.0685811023147731,"KIAA1467.7892.132.3","7892.132"
"TOM1L1.13652.2.3","TOM1L1","O75674",-0.0668018356857392,"SL020197","13652.2"
"PRTN3.13720.95.3","PRTN3","P24158",-0.0665023680075776,"SL004008","13720.95"
"ENPP7.4435.66.2","ENPP7","Q6UWV6",0.066157009711478,"SL009045","4435.66"
"CRISP2.9282.12.3","CRISP2","P16562",0.0659637685333077,"SL009427","9282.12"
"TOR1AIP2.10553.8.3","TOR1AIP2","Q8NFQ8",-0.0658797959150657,"SL017988","10553.8"
"SPINK13.10624.45.3","SPINK13","Q1W4C9",-0.0656462324023409,"SL018582","10624.45"
"GNRH2.10708.3.3","GNRH2","O43555",-0.0654942433743223,"SL007007","10708.3"
"DEFB104A.5763.67.3","DEFB104A","Q8WTQ1",0.0653677198916115,"SL004535","5763.67"
"TMEM132A.7871.16.3","TMEM132A","Q24JP5",-0.0652148097190399,"SL008988","7871.16"
"ITIH5.8233.2.3","ITIH5","Q86UX2",0.0648860933873548,"SL012651","8233.2"
"STX1B.6966.144.3","STX1B","P61266",0.0647944425466141,"SL017968","6966.144"
"GPC6.5350.14.2","GPC6","Q9Y625",0.0646539146561515,"SL012881","5350.14"
"CAV2.9457.3.3","CAV2","P51636",-0.0646279377870076,"SL014826","9457.3"
"PMEL.6472.40.3","PMEL","P40967",-0.0629621651994618,"SL002545","6472.40"
"CDSN.7085.81.3","CDSN","Q15517",0.0628592507657467,"SL011989","7085.81"
"CD300LF.5623.11.3","CD300LF","Q8TDQ1",0.062266187807067,"SL012737","5623.11"
"TGFB1I1.8777.5.3","TGFB1I1","",-0.0614005931804412,"TGFB1I1.8777.5.3","8777.5"
"AHSG.3581.53.3","AHSG","P02765",-0.0604668368472647,"SL000251","3581.53"
"PTCHD3.13517.3.3","PTCHD3","Q3KNS1",-0.0604386695288456,"SL020152","13517.3"
"SIRPB1.6247.9.3","SIRPB1","O00241",0.0604331858913059,"SL008942","6247.9"
"NEFH.9900.36.3","NEFH","P12036",0.0595317583660183,"SL019163","9900.36"
"ETHE1.3847.56.2","ETHE1","O95571",-0.0573719556558768,"SL011532","3847.56"
"COL11A2.11278.4.3","COL11A2","P13942",-0.0562281624559888,"SL009488","11278.4"
"GUCA2B.6223.5.3","GUCA2B","Q16661",-0.0553558727508255,"SL008392","6223.5"
"RND1.13574.50.3","RND1","Q92730",0.0549773636327746,"SL020205","13574.50"
"XRCC4.9886.28.3","XRCC4","Q13426",-0.0545795663717105,"SL013824","9886.28"
"IL5RA.13686.2.3","IL5RA","Q01344",0.0540479447162204,"SL005188","13686.2"
"GRP.5897.58.3","GRP","P07492",-0.0540226718597889,"SL002071","5897.58"
"PYDC1.12835.101.3","PYDC1","Q8WXC3",0.0539716756325593,"SL019914","12835.101"
"RPLP2.10949.59.3","RPLP2","P05387",0.0536858771128938,"SL008009","10949.59"
"LIPN.8097.77.3","LIPN","Q5VXI9",0.0535281632626398,"SL018395","8097.77"
"C9orf89.7778.104.3","C9orf89","",-0.0530825884970313,"C9orf89.7778.104.3","7778.104"
"B3GALTL.5727.35.3","B3GALTL","",-0.0526402815700616,"B3GALTL.5727.35.3","5727.35"
"CXCL13.3487.32.2","CXCL13","O43927",-0.052159827169805,"SL003167","3487.32"
"IL15RA.3445.53.2","IL15RA","Q13261",-0.0518486645144307,"SL004151","3445.53"
"CROT.13929.27.3","CROT","Q9UKG9",0.0518470272438471,"SL020289","13929.27"
"RTN4R.5105.2.3","RTN4R","Q9BZR6",0.0514495096455365,"SL005208","5105.2"
"CAPN2.14684.17.3","CAPN2","P17655",0.0508092794357407,"SL011179","14684.17"
"ARHGAP36.6289.78.3","ARHGAP36","Q6ZRI8",-0.0502456645482017,"SL017400","6289.78"
"FAH.11424.4.3","FAH","P16930",-0.0488638439849692,"SL008049","11424.4"
"NEURL1.13604.27.3","NEURL1","O76050",0.0486745295704799,"SL020194","13604.27"
"CCPG1.8889.5.3","CCPG1","Q9ULG6",-0.0482822365287374,"SL015334","8889.5"
"TST.12663.1.3","TST","Q16762",-0.0479374737597669,"SL011234","12663.1"
"PQLC2L.7939.1.3","PQLC2L","",-0.047935356556481,"PQLC2L.7939.1.3","7939.1"
"PRC1.11591.43.3","PRC1","O43663",-0.0468640081541663,"SL007011","11591.43"
"TPST2.8024.64.3","TPST2","O60704",0.0459711180769113,"SL011109","8024.64"
"ELL2.11494.4.3","ELL2","O00472",0.044744571217027,"SL019480","11494.4"
"HMGCS1.13496.19.3","HMGCS1","Q01581",-0.0435909254574611,"SL020125","13496.19"
"PLBD1.6315.58.3","PLBD1","Q6P4A8",0.0429581676351436,"SL017411","6315.58"
"IL12RB2.3815.14.1","IL12RB2","Q99665",-0.0427381257790056,"SL007620","3815.14"
"DEFB116.11144.10.3","DEFB116","Q30KQ4",-0.0426966993210283,"SL012527","11144.10"
"MFNG.5605.77.3","MFNG","O00587",0.0422522900404337,"SL006973","5605.77"
"EPHA5.3806.55.1","EPHA5","P54756",0.0419187188178546,"SL004844","3806.55"
"PPP1R3B.12768.3.3","PPP1R3B","Q86XI6",0.0416652666731281,"SL019887","12768.3"
"CDKN3.14178.18.3","CDKN3","Q16667",-0.0415833987810139,"SL007463","14178.18"
"GDF11.MSTN.2765.4.3","GDF11","O95390",-0.0410835457863739,"SL004345","2765.4"
"FASLG.3052.8.2","FASLG","P48023",-0.0408614562186671,"SL000633","3052.8"
"QSOX1.6070.11.3","QSOX1","O00391",-0.0400005586319377,"SL006394","6070.11"
"CAPN3.12385.4.3","CAPN3","P20807",-0.0398609253381801,"SL006471","12385.4"
"LEPR.5400.52.3","LEPR","P48357",0.0396105806256347,"SL003184","5400.52"
"PLOD2.6923.1.3","PLOD2","O00469",-0.0395393456772703,"SL012351","6923.1"
"PSMA1.3859.50.2","PSMA1","P25786",-0.038945425840747,"SL010973","3859.50"
"POR.2731.29.2","POR","P16435",-0.038787954906119,"SL000528","2731.29"
"TPST1.7928.183.3","TPST1","O60507",0.038612910771687,"SL007023","7928.183"
"KIR3DS1.5097.14.3","KIR3DS1","Q14943",-0.0384098291684832,"SL014289","5097.14"
"CFAP45.6553.68.3","CFAP45","Q9UL16",-0.0374734939290753,"SL017495","6553.68"
"PSMB5.12580.7.3","PSMB5","P28074",-0.037058487623408,"SL012949","12580.7"
"GLTPD2.7948.129.3","GLTPD2","A6NH11",0.0369930983061364,"SL010876","7948.129"
"TNFAIP6.5036.50.1","TNFAIP6","P98066",-0.0363629893721935,"SL004782","5036.50"
"CXCL12.3516.60.2","CXCL12","P48061",-0.0351412428284358,"SL004712","3516.60"
"SEC22A.13713.164.3","SEC22A","Q96IW7",-0.0345309972677961,"SL020224","13713.164"
"RHOD.12442.4.3","RHOD","O00212",-0.034502527215175,"SL019715","12442.4"
"APOE.5312.49.3","APOE","P02649",0.0329709944072415,"SL000277","5312.49"
"SPOCK3.9906.21.3","SPOCK3","Q9BQ16",0.0322899578493551,"SL012805","9906.21"
"LHB.8376.25.4","LHB","P01229",0.0322096852769578,"SL018465","8376.25"
"MAPKAPK3.3822.54.2","MAPKAPK3","Q16644",0.0316377883793964,"SL004765","3822.54"
"IGF1.2952.75.2","IGF1","P05019",-0.0314776055861756,"SL000047","2952.75"
"VAPB.7181.17.3","VAPB","O95292",-0.0310936391108368,"SL010829","7181.17"
"CXCL10.4141.79.1","CXCL10","P02778",0.030932124054349,"SL003183","4141.79"
"PHF3.11544.39.3","PHF3","Q92576",-0.0308391711119733,"SL010933","11544.39"
"FCER2.3291.30.2","FCER2","P06734",-0.0308158873414704,"SL002706","3291.30"
"GFRAL.6920.1.3","GFRAL","Q6UXV0",0.0301408053468934,"SL018027","6920.1"
"CD86.5337.64.3","CD86","P42081",-0.0293867633985884,"SL004131","5337.64"
"UBE2J1.6900.30.3","UBE2J1","Q9Y385",-0.0293681612274302,"SL016535","6900.30"
"FBXO3.14628.72.3","FBXO3","Q9UK99",-0.0287569600934907,"SL020051","14628.72"
"HMGCS2.13704.5.3","HMGCS2","P54868",-0.0287165704835725,"SL014847","13704.5"
"TXNDC5.11212.7.3","TXNDC5","Q8NBS9",0.0286268239818944,"SL008805","11212.7"
"SLC5A5.12826.5.3","SLC5A5","",-0.0282680525487233,"SLC5A5.12826.5.3","12826.5"
"ACLY.12700.9.3","ACLY","P53396",0.0282032956298899,"SL007279","12700.9"
"ATP2A3.13510.7.3","ATP2A3","Q93084",-0.0280282557289219,"SL011088","13510.7"
"LOXL2.6504.65.3","LOXL2","Q9Y4K0",-0.0278696138475862,"SL001908","6504.65"
"MRC1.2637.77.2","MRC1","P22897",0.0274899855376032,"SL004579","2637.77"
"HFE2.3332.57.1","HFE2","",-0.0273187362587988,"HFE2.3332.57.1","3332.57"
"FGR.3810.50.2","FGR","P09769",-0.0272829877064495,"SL006912","3810.50"
"ACAN.3280.49.2","ACAN","P16112",-0.0268880765310355,"SL004661","3280.49"
"THBS3.8982.65.3","THBS3","P49746",0.0266676934237962,"SL010148","8982.65"
"CRYGD.12366.16.3","CRYGD","P07320",0.0265183591424243,"SL008832","12366.16"
"EFNA2.14124.6.3","EFNA2","O43921",-0.0264172319525453,"SL004843","14124.6"
"PTPRJ.8250.2.3","PTPRJ","Q12913",-0.0263262798755773,"SL008899","8250.2"
"INSIG1.10663.42.3","INSIG1","O15503",-0.0260913538737226,"SL018014","10663.42"
"CNTNAP2.6965.19.3","CNTNAP2","Q9UHC6",0.0251592600326422,"SL017948","6965.19"
"SLC5A8.13691.10.3","SLC5A8","",0.0250701951987831,"SLC5A8.13691.10.3","13691.10"
"LDLR.13129.40.3","LDLR","P01130",-0.025040774159344,"SL007070","13129.40"
"MFAP2.9294.45.3","MFAP2","P55001",0.0249046647026894,"SL012443","9294.45"
"LGALS8.4909.68.1","LGALS8","O00214",-0.0246254444974939,"SL005167","4909.68"
"PTPRH.11988.24.3","PTPRH","Q9HD43",-0.0241073537613663,"SL015251","11988.24"
"DIABLO.3122.6.2","DIABLO","Q9NR28",0.0234099142953033,"SL003733","3122.6"
"DCN.2666.53.2","DCN","P07585",0.0232959572105261,"SL004081","2666.53"
"DNER.9769.48.3","DNER","Q8NFT8",0.0231081393765338,"SL008968","9769.48"
"ADAMTS13.3175.51.5","ADAMTS13","Q76LX8",-0.0228045488554886,"SL006610","3175.51"
"IFNA5.6210.100.3","IFNA5","P01569",0.0222890799743594,"SL017258","6210.100"
"ERBB2.2616.23.18","ERBB2","P04626",-0.0222694374549924,"SL000009","2616.23"
"HMGB2.6913.189.3","HMGB2","P26583",0.022030687206551,"SL004640","6913.189"
"C17orf67.9070.1.3","C17orf67","Q0P5P2",0.0218265335865145,"SL018815","9070.1"
"WFIKKN2.3235.50.2","WFIKKN2","Q8TEU8",-0.0217860483142798,"SL010391","3235.50"
"NR1H2.9016.12.3","NR1H2","P55055",-0.0215493796617959,"SL007287","9016.12"
"ST3GAL1.5657.28.3","ST3GAL1","Q11201",0.0215312599254601,"SL009528","5657.28"
"NPPB.7655.11.3","NPPB","P16860",0.0212629380762261,"SL002785","7655.11"
"BPI.4126.22.1","BPI","P17213",-0.0208614249175866,"SL004511","4126.22"
"XDH.11264.33.3","XDH","P47989",-0.0206154207339739,"SL019346","11264.33"
"THSD7A.11174.8.3","THSD7A","Q9UPZ6",0.0202237173529739,"SL011312","11174.8"
"COPS2.14029.42.3","COPS2","P61201",-0.0200509279135985,"SL010966","14029.42"
"MASP1.3605.77.4","MASP1","P48740",-0.0197243412126639,"SL011049","3605.77"
"SPOP.13727.44.3","SPOP","O43791",-0.0194800007940131,"SL020220","13727.44"
"SVEP1.11178.21.3","SVEP1","Q4LDE5",0.0192539039128528,"SL012540","11178.21"
"DEFB112.5689.1.3","DEFB112","Q30KQ8",-0.0186989001528368,"SL012531","5689.1"
"MAPKAPK5.3821.28.1","MAPKAPK5","Q8IW41",-0.0186697308284409,"SL010504","3821.28"
"ARPP21.12860.7.3","ARPP21","Q9UBL0",-0.0186432613818587,"SL006617","12860.7"
"CTRB1.5671.1.3","CTRB1","P17538",0.0183962148918795,"SL000353","5671.1"
"MMP2.4160.49.1","MMP2","P08253",0.0180232351025877,"SL000124","4160.49"
"PGRMC1.7863.50.3","PGRMC1","O00264",-0.0173484855567494,"SL008875","7863.50"
"ANKRD27.12445.50.3","ANKRD27","Q96NW4",0.0171451062462394,"SL019727","12445.50"
"GPLD1.11939.11.3","GPLD1","",-0.0170572909559207,"GPLD1.11939.11.3","11939.11"
"PRSS2.5034.79.1","PRSS2","P07478",0.0167357954032239,"SL010388","5034.79"
"ZP4.7766.25.3","ZP4","Q12836",-0.0167079106432464,"SL018241","7766.25"
"DSC3.4981.6.1","DSC3","Q14574",0.0164816384545121,"SL008709","4981.6"
"TMEM52.11186.12.3","TMEM52","Q8NDY8",-0.016190360112417,"SL019314","11186.12"
"NCR3LG1.7854.38.3","NCR3LG1","Q68D85",-0.0157835661945088,"SL018292","7854.38"
"RNF128.6510.56.3","RNF128","Q8TEB7",0.0157495536545483,"SL017466","6510.56"
"CAST.3026.5.2","CAST","P20810",0.0153556228410397,"SL000338","3026.5"
"UQCRB.12957.62.3","UQCRB","P14927",-0.014743734993587,"SL008041","12957.62"
"NDUFB11.7747.47.3","NDUFB11","Q9NX14",-0.0146515283281471,"SL018268","7747.47"
"NAALAD2.7986.98.3","NAALAD2","Q9Y3Q0",-0.0146502073703492,"SL018325","7986.98"
"IL23R.5088.175.3","IL23R","Q5VWK5",-0.0142885384918736,"SL005185","5088.175"
"ANP32A.13073.14.3","ANP32A","P39687",0.0128092399332688,"SL019559","13073.14"
"NMRAL1.13988.67.3","NMRAL1","Q9HBL8",-0.0124606824639505,"SL020265","13988.67"
"FAM107B.7801.30.3","FAM107B","",-0.0123661744707518,"FAM107B.7801.30.3","7801.30"
"EFNB3.7785.1.3","EFNB3","Q15768",-0.0120886587727481,"SL004142","7785.1"
"TMEM132D.13416.8.3","TMEM132D","Q14C87",-0.0120163039377573,"SL020086","13416.8"
"KLK5.14039.33.3","KLK5","Q9Y337",-0.011640045894344,"SL003863","14039.33"
"RELL1.13399.33.3","RELL1","Q8IUW5",0.0107415861289238,"SL020071","13399.33"
"FCRL4.8973.23.3","FCRL4","Q96PJ5",-0.0106247087116272,"SL018774","8973.23"
"PLA2G12B.9380.2.3","PLA2G12B","Q9BX93",0.0105372733547544,"SL003846","9380.2"
"FOLH1.5478.50.2","FOLH1","Q04609",-0.0103762052720993,"SL000158","5478.50"
"CD177.13116.25.3","CD177","Q8N6Q3",-0.00992409811562266,"SL008931","13116.25"
"IGFL4.6353.60.3","IGFL4","",0.00974379824394175,"IGFL4.6353.60.3","6353.60"
"AMY1A.7918.114.3","AMY1A","P04745",0.00947093055121269,"SL005114","7918.114"
"GLO1.9883.29.3","GLO1","Q04760",-0.00940430210001262,"SL002802","9883.29"
"CGB2.6213.10.3","CGB2","Q6NT52",0.00864095122611167,"SL017263","6213.10"
"CTSS.3181.50.2","CTSS","P25774",-0.00840134604848153,"SL004673","3181.50"
"SMR3B.8595.75.3","SMR3B","",0.00720501106669967,"SMR3B.8595.75.3","8595.75"
"G0S2.8931.124.3","G0S2","P27469",-0.00697940703088366,"SL014751","8931.124"
"HTN1.10608.9.3","HTN1","P15515",-0.0069139589493343,"SL012418","10608.9"
"GRID2.12758.47.3","GRID2","O43424",0.00670351224391222,"SL019871","12758.47"
"RPN1.6458.6.3","RPN1","P04843",-0.00649645226848486,"SL011102","6458.6"
"CLEC4D.7752.31.3","CLEC4D","Q8WXI8",0.00642561234104371,"SL018250","7752.31"
"UBXN4.9970.7.3","UBXN4","Q92575",-0.0051640111456434,"SL019215","9970.7"
"BST1.4535.50.2","BST1","Q10588",-0.00509818760519319,"SL008644","4535.50"
"ENTHD2.7947.19.3","ENTHD2","",0.00473941014792457,"ENTHD2.7947.19.3","7947.19"
"SEMA3A.3222.11.2","SEMA3A","Q14563",-0.00433174454474984,"SL010379","3222.11"
"NELL1.6544.33.3","NELL1","Q92832",0.00392242964661919,"SL012542","6544.33"
"IL10.2773.50.2","IL10","P22301",0.00376322713747693,"SL001717","2773.50"
"DNAJC10.8297.8.3","DNAJC10","Q8IXB1",0.00349785198570628,"SL018461","8297.8"
"USP25.9215.117.3","USP25","Q9UHP3",-0.0031759269503997,"SL018947","9215.117"
"CD274.5060.62.3","CD274","Q9NZQ7",0.000553090881025652,"SL004852","5060.62"
"CXCL1.2985.35.1","CXCL1","P09341",0.000443615485011528,"SL003173","2985.35"
"IDO1.9759.13.3","IDO1","P14902",0.000208675428257564,"SL004828","9759.13"
"CREB3L4.11308.8.3","CREB3L4","Q8TEY5",0.000181207870811838,"SL019414","11308.8"
"SCGB1C1.5960.49.3","SCGB1C1","",0.000105443789656174,"SCGB1C1.5960.49.3","5960.49"
"IL18BP.3073.51.2","IL18BP","O95998",9.39582378337502e-05,"SL002508","3073.51"
